Data Source,World Development Indicators,,,,,,,,,,,,,,,,,,,,,,,,,,,,,,,,,,,,,,,,,,,,,,,,,,,,,,,,,,,
,,,,,,,,,,,,,,,,,,,,,,,,,,,,,,,,,,,,,,,,,,,,,,,,,,,,,,,,,,,,
Last Updated Date,22/12/2022,,,,,,,,,,,,,,,,,,,,,,,,,,,,,,,,,,,,,,,,,,,,,,,,,,,,,,,,,,,
,,,,,,,,,,,,,,,,,,,,,,,,,,,,,,,,,,,,,,,,,,,,,,,,,,,,,,,,,,,,
Country Name,Country Code,Indicator Name,1961,1962,1963,1964,1965,1966,1967,1968,1969,1970,1971,1972,1973,1974,1975,1976,1977,1978,1979,1980,1981,1982,1983,1984,1985,1986,1987,1988,1989,1990,1991,1992,1993,1994,1995,1996,1997,1998,1999,2000,2001,2002,2003,2004,2005,2006,2007,2008,2009,2010,2011,2012,2013,2014,2015,2016,2017,2018
Indonesia,IDN,"Inflation, consumer prices (annual %)",13.69193154,131.3978495,145.9107807,108.994709,306.7631103,1136.254112,106,128.8430421,15.47987022,12.39946465,4.233748945,6.521749213,31.04188127,40.49179044,19.16569713,19.8286537,11.05208979,8.112582595,16.23276576,18.03543016,12.26590851,9.445423954,11.79974052,10.45503482,4.724536157,5.822666962,9.278656132,8.045367151,6.415539635,7.819191447,9.419058277,7.52351717,9.671893382,8.532005254,9.420323216,7.973280856,6.226141634,58.45104447,20.47783111,3.68861916,11.50011488,11.90011757,6.757317194,6.064059885,10.45319842,13.1086721,6.406562813,10.22666455,4.38641555,5.134204008,5.35604779,4.279499996,6.412513302,6.394925408,6.363121131,3.525805157,3.80879807,3.198346416
Malaysia,MYS,"Inflation, consumer prices (annual %)",-0.180407722,0.108440268,3.105253656,-0.402731571,-0.105485232,0.967969025,4.57556214,-0.158346529,-0.409015025,1.843935966,1.613035964,3.231554224,10.56017574,17.32898098,4.487722269,2.633711507,4.788224014,4.860064586,3.654467998,6.674919535,9.7,5.81890003,3.704235463,3.897272601,0.346458791,0.737002855,0.290007909,2.556519453,2.813200897,2.617801047,4.358333333,4.7672283,3.536585366,3.724970554,3.450575096,3.488559459,2.662514597,5.270342003,2.744561302,1.534740237,1.416784732,1.807872463,1.089676326,1.421271159,2.975070927,3.609235642,2.027353178,5.440782211,0.583308406,1.622852356,3.174470922,1.663571025,2.105012312,3.142990509,2.104389802,2.090566595,3.871201158,0.884709161
