Data Source,World Development Indicators,,,,,,,,,,,,,,,,,,,,,,,,,,,,,,,,,,,,,,,,,,,,,,,,,,,,,,,,,,,,,
,,,,,,,,,,,,,,,,,,,,,,,,,,,,,,,,,,,,,,,,,,,,,,,,,,,,,,,,,,,,,,
Last Updated Date,22/12/2022,,,,,,,,,,,,,,,,,,,,,,,,,,,,,,,,,,,,,,,,,,,,,,,,,,,,,,,,,,,,,
,,,,,,,,,,,,,,,,,,,,,,,,,,,,,,,,,,,,,,,,,,,,,,,,,,,,,,,,,,,,,,
Country Name,Country Code,Indicator Name,Indicator Code,,1961,1962,1963,1964,1965,1966,1967,1968,1969,1970,1971,1972,1973,1974,1975,1976,1977,1978,1979,1980,1981,1982,1983,1984,1985,1986,1987,1988,1989,1990,1991,1992,1993,1994,1995,1996,1997,1998,1999,2000,2001,2002,2003,2004,2005,2006,2007,2008,2009,2010,2011,2012,2013,2014,2015,2016,2017,2018
Indonesia,IDN,Price level ratio of PPP conversion factor (GDP) to market exchange rate,PA.NUS.PPPC.RF,,0.188998758,0.179488758,0.189798758,0.189798758,0.189798758,0.199798758,0.189798758,0.189798758,0.189798758,0.189798758,0.189798758,0.189798758,0.189798758,0.189798758,0.189798758,0.189798758,0.189798758,0.189798758,0.189798758,0.189798758,0.189798758,0.189798758,0.189798758,0.189798758,0.189798758,0.189798758,0.189798758,0.189798758,0.189798758,0.189798758,0.188918698,0.190401514,0.215543704,0.219695961,0.227210577,0.232784501,0.207395272,0.104438042,0.149877169,0.16464729,0.151052882,0.173568312,0.194915564,0.197713013,0.201878632,0.236728804,0.256964334,0.280752403,0.281960504,0.367048304,0.400522276,0.380316778,0.359964199,0.339713685,0.325132041,0.339494519,0.350924219,0.334426411
Malaysia,MYS,Price level ratio of PPP conversion factor (GDP) to market exchange rate,PA.NUS.PPPC.RF,,0.368505284,0.357505284,0.358505284,0.358505284,0.358505284,0.358505284,0.358505284,0.358505284,0.358505284,0.358505284,0.358505284,0.358505284,0.358505284,0.358505284,0.358505284,0.358505284,0.358505284,0.358505284,0.358505284,0.358505284,0.358505284,0.358505284,0.358505284,0.358505284,0.358505284,0.358505284,0.358505284,0.358505284,0.358505284,0.358505284,0.353369396,0.382027767,0.383930035,0.383215136,0.407035625,0.413141244,0.375236876,0.289042654,0.294520634,0.313498615,0.301741372,0.306407057,0.310389378,0.320439645,0.339384631,0.353428617,0.385138033,0.429879311,0.380047752,0.440766709,0.479128898,0.470613637,0.467250551,0.459981076,0.401390513,0.38431603,0.384798378,0.403031491
